<?xml version="1.0" encoding="utf-8"?>
<resources>
    <string name="hello">Hello World, DateManagerActivity!</string>
    <string name="app_name">DateManager</string>
    <string name="popup_menu_add">add</string>
    <string name="popup_menu_search">search</string>
    <string name="popup_menu_edit">edit</string>
    <string name="popup_menu_share">share</string>
    <string name="share">share2</string>
    <string name="action_bar_settings">action Bar</string>
    <string name="action_bar_handling">action Bar handling</string>
</resources>