<?xml version="1.0" encoding="utf-8"?>
<!--
  Copyright (C) 2011 The Android Open Source Project

  Licensed under the Apache License, Version 2.0 (the "License");
  you may not use this file except in compliance with the License.
  You may obtain a copy of the License at

       http://www.apache.org/licenses/LICENSE-2.0

  Unless required by applicable law or agreed to in writing, software
  distributed under the License is distributed on an "AS IS" BASIS,
  WITHOUT WARRANTIES OR CONDITIONS OF ANY KIND, either express or implied.
  See the License for the specific language governing permissions and
  limitations under the License.
 -->
  
<resources>
    <style name="ActionBar" parent="@android:style/Widget.Holo.ActionBar"/>

    <style name="ActionBar.Light" parent="@style/ActionBar">
        <item name="android:background">@color/main_color</item>

    </style>
    <style name="AppTheme.Light" parent="@android:style/Theme.Holo.Light">
        <item name="android:actionBarStyle">@style/ActionBar.Light</item>
        <item name="android:windowActionBarOverlay">true</item>

        <item name="listDragShadowBackground">@android:color/background_light</item>
        <item name="menuIconCamera">@drawable/ic_menu_camera_holo_light</item>
        <item name="menuIconToggle">@drawable/ic_menu_toggle_holo_light</item>
        <item name="menuIconShare">@drawable/ic_menu_share_holo_light</item>
    </style>
    <!--         <item name="android:actionBarTabStyle">@style/myTabStyle</item> -->
 	<style name="myTabStyle"
 	    parent="android:style/style/Widget.Holo.Light.ActionBar.TabView">
        <item name="android:background">@color/actionbar_background_light</item>
 	    <item name="android:paddingLeft">2dip</item>
 	    <item name="android:paddingRight">2dip</item>
 	    
 	</style>
</resources>
