<?xml version="1.0" encoding="utf-8"?>
<selector xmlns:android="http://schemas.android.com/apk/res/android">
	<item android:state_pressed="true"
	    android:state_selected="true"
	    android:drawable="@drawable/ic_menu_camera_holo_dark" />
	<item android:state_selected="true"
	    android:drawable="@drawable/ic_menu_camera_holo_light" />
	<item android:state_pressed="true"
	    android:drawable="@drawable/ic_menu_camera_holo_light" />
	<item android:drawable="@drawable/ic_menu_camera_holo_dark" />
</selector> 

<!-- 
<selector xmlns:android="http://schemas.android.com/apk/res/android">
	<item android:state_pressed="true"
	    android:state_selected="true"
	    android:drawable="@drawable/minitab_lt_press" />
	<item android:state_selected="true"
	    android:drawable="@drawable/minitab_lt_selected" />
	<item android:state_pressed="true"
	    android:drawable="@drawable/minitab_lt_unselected_press" />
	<item android:drawable="@drawable/minitab_lt_unselected" />
</selector> 
 -->